fraud_type,lines,flagged_rate,avg_rule_score
none,14981317,0.004066464917603706,0.09194225047103669
pricing_error,7503,1.0,0.31294149007063843
egregious_billing,6319,1.0,1.0936857097642032
duplicate_billing,2575,1.0,1.1304854368932038
excessive_units,1162,0.34165232358003444,1.2228915662650603
upcoding,1100,1.0,1.289090909090909
member_reimbursement_abuse,24,1.0,2.0416666666666665
